category,type,value,comment,to_ids
Payload delivery,domain,denterdrigx.com,,1
Payload delivery,domain,superliner.top,,1
Payload delivery,domain,internetlines.in,,1
Payload delivery,domain,superstarts.top,,1
Payload delivery,domain,superlinez.top,,1
Payload delivery,domain,internetlined.com,,1
Payload delivery,sha256,7d99c80a1249a1ec9af0f3047c855778b06ea57e11943a271071985afe09e6c2,,1
Payload delivery,sha256,e999890ce5eb5b456563650145308ae837d940e38aec50d2f02670671d472b99,,1
Payload delivery,sha256,16323b3e56a0cbbba742b8d0af8519f53a78c13f9b3473352fcce2d28660cb37,,1
Payload delivery,sha256,4aa4ee8efcf68441808d0055c26a24e5b8f32de89c6a7a0d9b742cce588213ed,,1
Payload delivery,sha256,6a9b7c289d7338760dd38d42a9e61d155ae906c14e80a1fed2ec62a4327a4f71,,1
Payload delivery,sha256,5b51bd2518ad4b9353898ed329f1b2b60f72142f90cd7e37ee42579ee1b645be,,1
Payload delivery,sha256,6c5338d84c208b37a4ec5e13baf6e1906bd9669e18006530bf541e1d466ba819,,1
Payload delivery,sha256,8e570e32acb99abfd0daf62cff13a09eb694ebfa633a365d224aefc6449f97de,,1
Payload delivery,sha256,bbcceb987c01024d596c28712e429571f5758f67ba12ccfcae197aadb8ab8051,,1
Payload delivery,sha256,1cdbf7c8a45b753bb5c2ea1c9fb2e53377d07a3c84eb29a1b15cdc140837f654,,1
Payload delivery,sha256,b94810947c33a0a0dcd79743a8db049b8e45e73ca25c9bfbf4bfed364715791b,,1
Payload delivery,sha256,c77ea4ad228ecad750fb7d4404adc06d7a28dbb6a5e0cf1448c694d692598f4f,,1
Payload delivery,sha256,dfdfd0a339fe03549b2475811b106866d035954e9bc002f20b0f69e0f986838f,,1
Payload delivery,sha256,7ebd70819a79be55d4c92c66e74e90e3309ec977934920aee22cd8d922808c9d,,1
